seq,enrichment_Mota,enrichment_2D10,len,,,,,,,,
EVEREVRNWLSELLSKINDAPVTNDIKKAISNQVLKLAEPEVGDGREVKERVRKQLCSVCSNVPACWAICGGVLELVKYQGS,165,0.16,82,2.217483944,-0.795880017,TYPE,SEQ,INDEX,MOTA,2D10,SCORE
EVERELRNWLSEVLSKINDAPVTNDIKKAISNQVLKLAEPEVGDGREVKERVRKQLCSVCSNVPACWAICGGLLEVVKYQGS,118,0.931034483,82,2.071882007,-0.031034234,4H_g_1,EVERELRNWLSEVLSQINDAPVTNDIKKAISNQVLKLAEPEVGDGREVKERVRKQVCSVCSNVPACWAICGGLLEVVKYQGS,76,0.698970004,0.079181246,0.77815125
EVERELRNWLSEVLSKINDAPVTNDIKKAISNQVLKVAELLRNGHSKEEFQERVRKEVCSVCSNVPACWAICGGLLEVVKYQGS,113,18.35,84,2.053078443,1.263636069,4H_g_2,EVERELRNWLSEVLSKINDAPVTNDIKKAISNQVLKLAEPEVGDGREVKERVRKKLCSVCSNVPACWAICGGVLELVKYQGS,84,0.602059991,0.151267675,0.753327667
EVERELRNWLSEVLSKINDAPVTNDIKKAISNQVLKVAEQVWNGHSKEELQERVRKEVCSVCSNVPACWAICGGLLEVVKYQGS,78,13.2,84,1.892094603,1.120573931,4H_g_3,EVERELRNWLSELLSKINDAPVTNDIKKAISNLVLKVAEPEVGDGREVKERLRKKLCSVCSNVPACWAICGGVLELVKYQGS,73,0.698970004,0.124938736,0.823908741
EVERELRNWVSELLSKINDAPVTNDIKKAISNQVLKLAEQLWEGKGPAEELQERLRKEVCSVCSNVPACWAICGGLLELVKYQGS,68,0.5,85,1.832508913,-0.301029996,4H_b_1,EVERELRNWLSELLSKINDAPVTNDIKKAISNQVLKLAEPEVGDGREVKERVRKKVCSVCSNVPACWAICGGLLELVKYQGS,266,-0.602059991,-0.528273778,-1.130333769
EVEREVRNWLSELLSKINDAPVTNDIKKAISNQVLKLAEPEVGDGREVKERVRKQLCSVCSNVPACWAICGGVLEVVKYQGS,60,0.666666667,82,1.77815125,-0.176091259,4H_b_2,EVERELRNWLSELLSKINDAPVTNDIKKAVSNQVLKLAEPEVGDGREVKERLRKQLCSVCSNVPACWAICGGVLELVKYQGS,265,-0.602059991,-0.574031267,-1.176091259
EVEREVRNWLSELLSKINDAPVTNDIKKAISNQVLKLAEPEVGDGREVKERVRKQLCSVCSNVPACWAICGGLLEVVKYQGS,54.15384615,0.05785124,82,1.733629307,-1.237687328,4H_b_3,EVERELRNWLSELLSKINDAPVTNDIKKAVSNQVLKLAEPEVGDGREVKERLRKQVCSVCSNVPACWAICGGLLELVKYQGS,271,-0.740362689,-1.079181248,-1.819543937
EVEREVRNWLSELLSKINDAPVTNDIKKAISNQVLKLAEPEVGDGREVKERVRKQLCSVCSNVPACWAICGGLLELVKYQGS,49.7,0.052631579,82,1.696356389,-1.278753601,,,,,,
EVEREVRNWLSELLSKINDAPVTNDIKKAISNQVLKLAEPEVGDGREVKERLRKELCSVCSNVPACWAICGGLLEVVKYQGS,49,0.538461538,82,1.69019608,-0.268845313,,,,,,
EVERELRNWVSELLSKINDAPVTNDIKKAISNQVLKVAELLRNGHSKEELQERVRKQVCSVCSNVPACWAICGGLLELVKYQGS,48,0.5,84,1.681241237,-0.301029996,,,,,,
EVERELRNWLSEVLSKINDAPVTNDIKKAISNQVLKVAEQVWNGHSKEELQERVRKEVCSVCSNVPACWAICGGLLELVKYQGS,45,6.5,84,1.653212514,0.812913357,,,,,,
EVERELRNWLSEVLSKINDAPVTNDIKKAISNQVLKLAEPEVGDGREVKERLRKELCSVCSNVPACWAICGGLLEVVKYQGS,35,6.02,82,1.544068044,0.779596491,,,,,,
EVERELRNWLSEVLSKINDAPVTNDIKKAISNQVLKLAEPEVGDGREVKERVRKQLCSVCSNVPACWAICGGLLELVKYQGS,30.25,0.52173913,82,1.480725379,-0.28254659,,,,,,
EVEREVRNWLSELLSKINDAPVTNDIKKAISNQVLKLAEPEVGDGREVKERLRKELCSVCSNVPACWAICGGVLELVKYQGS,27,0.285714286,82,1.431363764,-0.544068044,,,,,,
EVERELRNWLSEVLSKINDAPVTNDIKKAISNQVLKVAEPEVGDGREVKERLRKQLCSVCSNVPACWAICGGLLELVKYQGS,27,0.473684211,82,1.431363764,-0.324511091,,,,,,
EVERELRNWVSELLSKINDAPVTNDIKKAISNQVLKLAEPEVGDGREVKERVRKQLCSVCSNVPACWAICGGLLEVVKYQGS,24.25,1.25,82,1.384711743,0.096910013,,,,,,
EVERELRNWLSEVLSKINDAPVTNDIKKAISNQVLKLAEPEVGDGREVKERVRKQVCSVCSNVPACWAICGGLLELVKYQGS,23,1.909090909,82,1.361727836,0.28082661,,,,,,
EVERELRNWLSEVLSKINDAPVTNDIKKAISNQVLKLAEPEVGDGREVKERLRKQLCSVCSNVPACWAICGGVLELVKYQGS,22,0.392857143,82,1.342422681,-0.405765346,,,,,,
EVERELRNWVSELLSKINDAPVTNDIKKAISNQVLKLAEPEVGDGREVKERLRKKLCSVCSNVPACWAICGGLLELVKYQGS,20,0.1875,82,1.301029996,-0.726998728,,,,,,
EVERELRNWLSEVLSKINDAPVTNDIKKAISNQVLKVAELLRNGHSKEEFQERVRKEVCSVCSNVPACWAICGGLLELVKYQGS,19.5,17.75,84,1.290034611,1.249198357,,,,,,
EVERELRNWLSELLSKINDAPVTNDIKKAISNQVLKLAEPEVGDGREVKERVRKEVCSVCSNVPACWAICGGLLEVVKYQGS,19.5,0.681818182,82,1.290034611,-0.166331422,,,,,,
EVERELRNWLSEVLSQINDAPVTNDIKKAISNQVLKLAEPEVGDGREVKERLRKELCSVCSNVPACWAICGGLLELVKYQGS,19.33333333,0.219512195,82,1.286306739,-0.658541348,,,,,,
EVERELRNWLSEVLSKVNDAPVTNDIKKAISNQVLKLAEQLWNGHSKEELQERLRKEVCSVCSNVPACWAICGGLLELVKYQGS,19.2,21,84,1.283301229,1.322219295,,,,,,
EVERELRNWLSEVLSQINDAPVTNDIKKAISNQVLKLAEPEVGDGREVKERLRKELCSVCSNVPACWAICGGVLEVVKYQGS,19,0.444444444,82,1.278753601,-0.352182519,,,,,,
EVERELRNWLSELLSKINDAPVTNDIKKAISNQVLKLAEPEVGDGREVKERVRKQLCSVCSNVPACWAICGGLLEVVKYQGS,18.5,0.246575342,82,1.267171728,-0.608050356,,,,,,
EVERELRNWVSELLSKINDAPVTNDIKKAISNQVLKVAEPEVGDGREVKERLRKELCSVCSNVPACWAICGGLLELVKYQGS,17,0.3,82,1.230448921,-0.522878745,,,,,,
EVERELRNWLSEVLSKINDAPVTNDIKKAISNQVLKLAEPEVGDGREVKERLRKKLCSVCSNVPACWAICGGLLEVVKYQGS,17,0.75,82,1.230448921,-0.124938737,,,,,,
EVERELRNWVSELLSKINDAPVTNDIKKAISNQVLKLAEPEVGDGREVKERVRKQLCSVCSNVPACWAICGGLLELVKYQGS,16,0.514285714,82,1.204119983,-0.288795539,,,,,,
EVEREVRNWLSELLSKINDAPVTNDIKKAISNQVLKLAEPEVGDGREVKERVRKELCSVCSNVPACWAICGGLLEVVKYQGS,15.5,0.5,82,1.190331698,-0.301029996,,,,,,
EVERELRNWLSEVLSKINDAPVTNDIKKAISNQVLKLAEPEVGDGREVKERLRKQLCSVCSNVPACWAICGGLLEVVKYQGS,15.33333333,0.791666667,82,1.185636577,-0.101457641,,,,,,
EVERELRNWLSEVLSQINDAPVTNDIKKAISNQVLKLAEPEVGDGREVKERVRKQLCSVCSNVPACWAICGGVLELVKYQGS,15,0.4375,82,1.176091259,-0.359021943,,,,,,
EVERELRNWLSEVLSKINDAPVTNDIKKAVSNQVLKLAEPEVGDGREVKERVRKQLCSVCSNVPACWAICGGLLEVVKYQGS,14,0.041666667,82,1.146128036,-1.380211238,,,,,,
EVERELRNWLSEVLSKINDAPVTNDIKKAISNQVLKVAELLRNGHSKEEFQERVRKEVCSVCSNVPACWAICGGVLELVKYQGS,14,29,84,1.146128036,1.462397998,,,,,,
EVERELRNWLSEVLSKINDAPVTNDIKKAVSNQVLKLAEPEVGDGREVKERVRKQLCSVCSNVPACWAICGGLLELVKYQGS,13.5,0.069767442,82,1.130333768,-1.1563472,,,,,,
EVEREVRNWLSELLSKINDAPVTNDIKKAISNQVLKLAEPEVGDGREVKERLRKQVCSVCSNVPACWAICGGLLELVKYQGS,13,0.363636364,82,1.113943352,-0.439332693,,,,,,
EVERELRNWLSEVLSKINDAPVTNDIKKAVSNLVLKVAEPEVGDGREVKERVRKQLCSVCSNVPACWAICGGLLELVKYQGS,13,0.111111111,82,1.113943352,-0.95424251,,,,,,
EVERELRNWVSELLSKINDAPVTNDIKKAISNLVLKLAEPEVGDGREVKERVRKELCSVCSNVPACWAICGGLLELVKYQGS,12,0.222222222,82,1.079181246,-0.653212514,,,,,,
EVERELRNWVSEVLSKINDAPVTNDIKKAISNLVLKLAEPEVGDGREVKERVRKQLCSVCSNVPACWAICGGLLELVKYQGS,12,0.111111111,82,1.079181246,-0.95424251,,,,,,
EVEREVRNWLSELLSKINDAPVTNDIKKAISNQVLKLAEPEVGDGREVKERLRKELCSVCSNVPACWAICGGLLELVKYQGS,11.5,0.04109589,82,1.06069784,-1.38620161,,,,,,
EVERELRNWLSEVLSKINDAPVTNDIKKAISNQVLKLAEPEVGDGREVKERLRKQLCSVCSNVPACWAICGGLLELVKYQGS,11.25,0.53125,82,1.051152522,-0.274701057,,,,,,
EVERELRNRLSELLSKINDAPVTNDIKKAISNQVLKLAEPEVGDGREVKERVRKQLCSVCSNVPACWAICGGLLEVVKYQGS,11,0.666666667,82,1.041392685,-0.176091259,,,,,,
EVERELRNWVSELLSKINDAPVTNDIKKAVSNQVLKLAEQVWNGHSKEEFQERLRKEVCSVCSNVPACWAICGGLLELVKYQGS,11,2,84,1.041392685,0.301029996,,,,,,
EVERELRNWLSELLSKINDAPVTNDIKKAISNQVLKVAEPEVGDGREVKERVRKQLCSVCSNVPACWAICGGLLEVVKYQGS,11,0.260869565,82,1.041392685,-0.583576586,,,,,,
EVEREVRNWLSELLSKINDAPVTNDIKKAISNQVLKLAEPEVGDGREVKERVRKELCSVCSNVPACWAICGGLLELVKYQGS,10.75,0.173913043,82,1.031408464,-0.759667846,,,,,,
EVERELRNWLSELLSKINDAPVTNDIKKAISNQVLKVAEPEVGDGREVKERLRKELCSVCSNVPACWAICGGLLEVVKYQGS,10,1,82,1,0,,,,,,
EVERELRNWLSELLSKINDAPVTNDIKKAVSNQVLKLAEPEVGDGREVKERVRKELCSVCSNVPACWAICGGLLELVKYQGS,10,0.162790698,82,1,-0.788370415,,,,,,
EVERELRNWLSEVLSKINDAPVTNDIKKAVSNQVLKLAEPEVGDGREVKERLRKQLCSVCSNVPACWAICGGLLELVKYQGS,10,0.074074074,82,1,-1.130333769,,,,,,
EVERELRNWLSEVLSKINDAPVTNDIKKAVSNQVLKLAEQVREGKGPAEEVHERLRKELCSVCSNVPACWAICGGVLEVVKYQGS,9.5,2.6,85,0.977723605,0.414973348,,,,,,
EVERELRNWVSELLSKINDAPVTNDIKKAISNQVLKLAEPEVGDGREVKERLRKQLCSVCSNVPACWAICGGLLEVVKYQGS,9,0.425,82,0.954242509,-0.37161107,,,,,,
EVERELRNWLSEVLSKINDAPVTNDIKKAISNLVLKLAEPEVGDGREVKERLRKELCSVCSNVPACWAICGGLLELVKYQGS,9,0.090909091,82,0.954242509,-1.041392685,,,,,,
EVERELRNWVSELLSKINDAPVTNDIKKAISNQVLKLAEPEVGDGREVKERLRKELCSVCSNVPACWAICGGVLELVKYQGS,9,0.456521739,82,0.954242509,-0.340538537,,,,,,
EVERELRNWLSELLSKINDAPVTNDIKKAISNQVLKLAEPEVGDGREVKERLRKELCSVCSNVPACWAICGGVLELVKYQGS,8,0.344262295,82,0.903089987,-0.46311054,,,,,,
EVERELRNWVSEVLSQINDAPVTNDIKKAISNQVLKLAEPEVGDGREVKERVRKQLCSVCSNVPACWAICGGLLELVKYQGS,8,0.181818182,82,0.903089987,-0.740362689,,,,,,
EVERELRNWVSELLSKINDAPVTNDIKKAISNQVLKVAEPEVGDGREVKERLRKELCSVCSNVPACWAICGGVLELVKYQGS,8,0.416666667,82,0.903089987,-0.380211241,,,,,,
EVERELRNWVSELLSKINDAPVTNDIKKAISNQVLKLAEPEVGDGREVKERLRKEVCSVCSNVPACWAICGGLLEVVKYQGS,8,0.5,82,0.903089987,-0.301029996,,,,,,
EVERELRNWVSELLSKINDAPVTNDIKKAISNQVLKLAEPEVGDGREVKERLRKEVCSVCSNVPACWAICGGLLELVKYQGS,7.5,0.363636364,82,0.875061263,-0.439332693,,,,,,
EVERELRNWLSEVLSQINDAPVTNDIKKAISNQVLKLAEPEVGDGREVKERVRKQVCSVCSNVPACWAICGGLLELVKYQGS,7.5,0.5,82,0.875061263,-0.301029996,,,,,,
EVERELRNWLSEVLSQINDAPVTNDIKKAISNQVLKLAEPEVGDGREVKERVRKQLCSVCSNVPACWAICGGLLELVKYQGS,7.2,0.1875,82,0.857332496,-0.726998728,,,,,,
EVERELRNWVSELLSKINDAPVTNDIKKAISNQVLKLAEPEVGDGREVKERVRKKLCSVCSNVPACWAICGGVLELVKYQGS,7,0.533333333,82,0.84509804,-0.273001272,,,,,,
EVEREVRNWVSEVLSKINDAPVTNDIKKAISNQVLKLAEPEVGDGREVKERVRKQLCSVCSNVPACWAICGGLLELVKYQGS,7,2,82,0.84509804,0.301029996,,,,,,
EVERELRNWLSELLSKINDAPVTNDIKKAISNQVLKLAEPEVGDGREVKERVRKQLCSVCSNVPACWAICGGVLEVVKYQGS,6.5,0.48,82,0.812913357,-0.318758763,,,,,,
EVERELRNWLSEVLSKINDAPVTNDIKKAISNQVLKLAEPEVGDGREVKERLRKEVCSVCSNVPACWAICGGLLELVKYQGS,6.333333333,0.333333333,82,0.801632346,-0.477121255,,,,,,
EVERELRNWVSELLSKINDAPVTNDIKKAISNQVLKLAEPEVGDGREVKERLRKKLCSVCSNVPACWAICGGLLEVVKYQGS,6,0.64,82,0.77815125,-0.193820026,,,,,,
EVERELRNWLSELLSKINDAPVTNDIKKAISNQVLKLAEPEVGDGREVKERVRKQLCSVCSNVPACWAICGGVLELVKYQGS,6,0.210526316,82,0.77815125,-0.676693609,,,,,,
EVERELRNWLSEVLSKINDAPVTNDIKKAISNLVLKLAEPEVGDGREVKERLRKKLCSVCSNVPACWAICGGLLELVKYQGS,6,0.0625,82,0.77815125,-1.204119983,,,,,,
EVERELRNWLSELLSQINDAPVTNDIKKAISNQVLKLAEPEVGDGREVKERVRKQLCSVCSNVPACWAICGGLLELVKYQGS,6,0.338983051,82,0.77815125,-0.469822016,,,,,,
EVEREVRNWLSEVLSKINDAPVTNDIKKAISNQVLKLAEPEVGDGREVKERLRKELCSVCSNVPACWAICGGLLELVKYQGS,6,1.375,82,0.77815125,0.138302698,,,,,,
EVERELRNWVSELLSKINDAPVTNDIKKAISNQVLKLAEPEVGDGREVKERLRKQLCSVCSNVPACWAICGGVLELVKYQGS,5.5,0.243902439,82,0.740362689,-0.612783857,,,,,,
EVERELRNWLSEVLSKINDAPVTNDIKKAISNQVLKLAEPEVGDGREVKERVRKELCSVCSNVPACWAICGGLLELVKYQGS,5.333333333,0.338028169,82,0.726998728,-0.471047107,,,,,,
EVERELRNWVSELLSKINDAPVTNDIKKAVSNQVLKLAEQVWNGHSKEEFQERLRKEVCSVCSNVPACWAICGGVLEVVKYQGS,5,11.5,84,0.698970004,1.06069784,,,,,,
EVERELRNWLSEVLSKVNDAPVTNDIKKAISNQVLKLAEPEVGDGREVKERLRKELCSVCSNVPACWAICGGVLELVKYQGS,5,1.571428571,82,0.698970004,0.196294645,,,,,,
EVERELRNWLSELLSKINDAPVTNDIKKAISNLVLKVAEPEVGDGREVKERLRKKLCSVCSNVPACWAICGGVLELVKYQGS,5,1.333333333,82,0.698970004,0.124938736,,,,,,
EVERELRNWLSELLSQINDAPVTNDIKKAISNQVLKLAEPEVGDGREVKERLRKELCSVCSNVPACWAICGGVLELVKYQGS,5,0.352941176,82,0.698970004,-0.452297672,,,,,,
EVERELRNWVSEVLSKINDAPVTNDIKKAVSNQVLKLAEPEVGDGREVKERLRKQLCSVCSNVPACWAICGGLLELVKYQGS,5,0.142857143,82,0.698970004,-0.84509804,,,,,,
EVERELRNWLSEVLSQINDAPVTNDIKKAISNQVLKLAEPEVGDGREVKERVRKQVCSVCSNVPACWAICGGLLEVVKYQGS,5,1.2,82,0.698970004,0.079181246,,,,,,
EVERELRNWLSELLSKINDAPVTNDIKKAISNQVLKLAEPEVGDGREVKERLRKELCSVCSNVPACWAICGGLLEVVKYQGS,4.8,0.532258065,82,0.681241237,-0.273877749,,,,,,
EVERELRNWLSEVLSKINDAPVTNDIKKAISNLVLKLAEPEVGDGREVKERVRKQLCSVCSNVPACWAICGGLLELVKYQGS,4.666666667,0.04,82,0.669006781,-1.397940009,,,,,,
EVERELRNWLSEVLSKINDAPVTNDIKKAVSNQVLKLAEPEVGDGREVKERLRKELCSVCSNVPACWAICGGLLELVKYQGS,4.5,0.15,82,0.653212514,-0.823908741,,,,,,
EVERELRNWLSEVLSKVNDAPVTNDIKKAISNQVLKVAELLREGKGPAEEFHERVRKQLCSVCSNVPACWAICGGLLEVVKYQGS,4.5,15.25,85,0.653212514,1.183269844,,,,,,
EVERELRNWLSELLSKINDAPVTNDIKKAVSNLVLKLAEPEVGDGREVKERLRKELCSVCSNVPACWAICGGLLELVKYQGS,4,0.047619048,82,0.602059991,-1.322219291,,,,,,
EVERELRNWLSELLSKVNDAPVTNDIKKAISNLVLKLAEPEVGDGREVKERVRKELCSVCSNVPACWAICGGLLELVKYQGS,4,0.142857143,82,0.602059991,-0.84509804,,,,,,
EVERELRN,4,2.2,8,0.602059991,0.342422681,,,,,,
EVERELRNWLSEVLSKINDAPVTNDIKKAISNQVLKLAEPEVGDGREVKERVRKKLCSVCSNVPACWAICGGVLELVKYQGS,4,1.416666667,82,0.602059991,0.151267675,,,,,,
EVERELRNWLSELLSKINDAPVTNDIKKAVSNQVLKLAEPEVGDGREVKERVRKQLCSVCSNVPACWAICGGLLELVKYQGS,4,0.098360656,82,0.602059991,-1.007178583,,,,,,
EVERELRNWLSEVLSKINDAPVTNDIKKAISNQVLKLAEPEVGDGREVKERLRKQVCSVCSNVPACWAICGGLLELVKYQGS,4,1.133333333,82,0.602059991,0.054357662,,,,,,
EVERELRNWLSELLSKINDAPVTNDIKKAVSNQVLKLAEPEVGDGREVKERLRKEVCSVCSNVPACWAICGGLLELVKYQGS,4,0.111111111,82,0.602059991,-0.95424251,,,,,,
EVERELRNWVSELLSKINDAPVTNDIKKAISNQVLKVAEPEVGDGREVKERLRKKLCSVCSNVPACWAICGGLLELVKYQGS,4,1,82,0.602059991,0,,,,,,
EVERELRNWVSEVLSKINDAPVTNDIKKAVSNQVLKLAEPEVGDGREVKERVRKELCSVCSNVPACWAICGGLLELVKYQGS,4,0.5,82,0.602059991,-0.301029996,,,,,,
EVERELRNWLSEVLSQINDAPVTNDIKKAISNQVLKLAEPEVGDGREVKERLRKQVCSVCSNVPACWAICGGLLELVKYQGS,4,0.142857143,82,0.602059991,-0.84509804,,,,,,
EVERELRNWLSEVLSKINDAPVTNDIKKAISNQVLKLAEPEVGDGREVKERVRKEVCSVCSNVPACWAICGGLLEVVKYQGS,4,2,82,0.602059991,0.301029996,,,,,,
EVERELRNWVSELLSKINDAPVTNDIKKAVSNQVLKLAEPEVGDGREVKERVRKQLCSVCSNVPACWAICGGLLELVKYQGS,4,0.166666667,82,0.602059991,-0.77815125,,,,,,
EVERELRNWVSELLSKINDAPVTNDIKKAISNQVLKLAEPEVGDGREVKERLRKQVCSVCSNVPACWAICGGLLELVKYQGS,4,0.6875,82,0.602059991,-0.162727297,,,,,,
EVEREVRNWVSEVLSKINDAPVTNDIKKAISNQVLKLAEPEVGDGREVKERLRKQLCSVCSNVPACWAICGGLLELVKYQGS,4,0.75,82,0.602059991,-0.124938737,,,,,,
EVERELRNWLSELLSKINDAPVTNDIKKAVSNQVLKVAEPEVGDGREVKERVRKQLCSVCSNVPACWAICGGLLELVKYQGS,4,0.666666667,82,0.602059991,-0.176091259,,,,,,
EVERELRNWVSELLSKINDAPVTNDIKKAISNQVLKLAEPEVGDGREVKERLRKELCSVCSNVPACWAICGGLLEVVKYQGS,3.923076923,3.071428571,82,0.593626824,0.48734042,,,,,,
EVERELRNWVSELLSKINDAPVTNDIKKAISNQVLKVAEPEVGDGREVKERLRKQLCSVCSNVPACWAICGGVLELVKYQGS,3.666666667,0.125,82,0.56427143,-0.903089987,,,,,,
EVERELRNWLSELLSKINDAPVTNDIKKAISNQVLKLAEPEVGDGREVKERVRKQLCSVCSNVPACWAICGGLLELVKYQGS,3.652173913,0.23943662,82,0.56255145,-0.620809427,,,,,,
EVERELRNWVSELLSQINDAPVTNDIKKAISNQVLKLAEPEVGDGREVKERLRKELCSVCSNVPACWAICGGLLELVKYQGS,3.5,0.25,82,0.544068044,-0.602059991,,,,,,
EVERELRNWLSEVLSKINDAPVTNDIKKAISNQVLKLAEPEVGDGREVKERVRKKVCSVCSNVPACWAICGGLLELVKYQGS,3.5,0.307692308,82,0.544068044,-0.511883361,,,,,,
EVERELRNWVSELLSKINDAPVTNDIKKAISNQVLKLAEPEVGDGREVKERVRKELCSVCSNVPACWAICGGVLELVKYQGS,3.5,0.928571429,82,0.544068044,-0.032184683,,,,,,
EVERELRNWVSELLSKINDAPVTNDIKKAISNQVLKLAEPEVGDGREVKERLRKKLCSVCSNVPACWAICGGVLELVKYQGS,3.333333333,0.52173913,82,0.522878745,-0.28254659,,,,,,
EVERELRNWVSELLSQINDAPVTNDIKKAISNQVLKLAEPEVGDGREVKERVRKQLCSVCSNVPACWAICGGLLELVKYQGS,3.333333333,0.083333333,82,0.522878745,-1.079181248,,,,,,
EVERELRNWLSELLSKINDAPVTNDIKKAISNQVLKLAEPEVGDGREVKERLRKKLCSVCSNVPACWAICGGLLELVKYQGS,3.25,0.283333333,82,0.511883361,-0.54770233,,,,,,
EVERELRNWVSELLSKINDAPVTNDIKKAVSNQVLKLAEPEVGDGREVKERLRKELCSVCSNVPACWAICGGLLELVKYQGS,3,0.166666667,82,0.477121255,-0.77815125,,,,,,
EVERELRNWLSEVLSKVNDAPVTNDIKKAISNLVLKLAEPEVGDGREVKERLRKELCSVCSNVPACWAICGGLLELVKYQGS,3,0.5,82,0.477121255,-0.301029996,,,,,,
EVERELRNWVSELLSKINDAPVTNDIKKAVSNQVLKLAEPEVGDGREVKERVRKQLCSVCSNVPACWAICGGVLELVKYQGS,3,0.153846154,82,0.477121255,-0.812913356,,,,,,
EVERELRNWLSEVLSKINDAPVTNDIKKAVSNQVLKLAEPEVGDGREVKERVRKELCSVCSNVPACWAICGGLLELVKYQGS,3,0.15,82,0.477121255,-0.823908741,,,,,,
EVERELRNWLSELLSKINDAPVTNDIKKAVSNLVLKLAEPEVGDGREVKERVRKQLCSVCSNVPACWAICGGVLELVKYQGS,3,0.083333333,82,0.477121255,-1.079181248,,,,,,
EVERELRNWLSELLSQINDAPVTNDIKKAISNQVLKLAEPEVGDGREVKERLRKELCSVCSNVPACWAICGGLLELVKYQGS,3,0.448275862,82,0.477121255,-0.348454646,,,,,,
EVERELRNWLSELLSKINDAPVTNDIKKAVSNQVLKVAEPEVGDGREVKERLRKQLCSVCSNVPACWAICGGVLELVKYQGS,3,0.285714286,82,0.477121255,-0.544068044,,,,,,
EVERELRNWLSELLSKINDAPVTNDIKKAISNQVLKVAEPEVGDGREVKERLRKEVCSVCSNVPACWAICGGLLELVKYQGS,3,0.2,82,0.477121255,-0.698970004,,,,,,
EVERELRNWLSEVLSKINDAPVTNDIKKAISNQVLKLAEPEVGDGREVKERVRKEVCSVCSNVPACWAICGGVLELVKYQGS,3,0.636363636,82,0.477121255,-0.196294645,,,,,,
EVERELRNWVSELLSKINDAPVTNDIKKAISNLVLKLAEPEVGDGREVKERVRKKLCSVCSNVPACWAICGGLLEVVKYQGS,3,0.142857143,82,0.477121255,-0.84509804,,,,,,
EVERELRNWVSELLSKINDAPVTNDIKKAISNQVLKLAEPEVGDGREVKERLRKEVCSVCSNVPACWAICGGVLELVKYQGS,3,0.333333333,82,0.477121255,-0.477121255,,,,,,
EVERELRNWVSELLSKINDAPVTNDIKKAVSNQVLKLAEPEVGDGREVKERVRKELCSVCSNVPACWAICGGVLELVKYQGS,3,0.214285714,82,0.477121255,-0.669006782,,,,,,
EVERELRNWLSEVLSKINDAPVTNDIKKAISNQVLKLAEPEVGDGREVKERVRKELCSVCSNVPACWAICGGVLEVVKYQGS,3,2,82,0.477121255,0.301029996,,,,,,
EVERELRNWLSEVLSQINDAPVTNDIKKAISNQVLKLAEPEVGDGREVKERVRKELCSVCSNVPACWAICGGLLELVKYQGS,3,0.705882353,82,0.477121255,-0.151267675,,,,,,
EVERELRNWLSELLSKINDAPVTNDIKKAISNQVLKLAEPEVGDGREVKERLRKELCSVCSNVPACWAICGGVLEVVKYQGS,3,0.238095238,82,0.477121255,-0.623249291,,,,,,
EVEREVRNWLSELLSKINDAPVTNDIKKAISNQVLKLAEPEVGDGREVKERVRKKVCSVCSNVPACWAICGGLLELVKYQGS,3,0.4,82,0.477121255,-0.397940009,,,,,,
EVERELRNWLSELLSKINDAPVTNDIKKAISNQVLKVAEQLRNGHSKEEVQERVRKELCSVCSNVPACWAICGGLLELVKYQGS,3,2,84,0.477121255,0.301029996,,,,,,
EVERELRNWVSELLSKINDAPVTNDIKKAVSNLVLKLAEPEVGDGREVKERLRKQLCSVCSNVPACWAICGGLLELVKYQGS,3,0.285714286,82,0.477121255,-0.544068044,,,,,,
EVERELRNWVSELLSKINDAPVTNDIKKAVSNQVLKLAEPEVGDGREVKERLRKQLCSVCSNVPACWAICGGLLELVKYQGS,3,0.083333333,82,0.477121255,-1.079181248,,,,,,
EVERELRNWLSELLSKINDAPVTNDIKKAISNQVLKVAEPEVGDGREVKERLRKQLCSVCSNVPACWAICGGLLELVKYQGS,2.875,0.233333333,82,0.458637849,-0.632023215,,,,,,
EVERELRNWLSELLSKINDAPVTNDIKKAISNQVLKLAEPEVGDGREVKERLRKQLCSVCSNVPACWAICGGLLEVVKYQGS,2.833333333,0.548780488,82,0.452297671,-0.260601338,,,,,,
EVERELRNWVSELLSKINDAPVTNDIKKAISNQVLKVAEPEVGDGREVKERLRKQLCSVCSNVPACWAICGGLLELVKYQGS,2.75,0.166666667,82,0.439332694,-0.77815125,,,,,,
EVERELRNWLSELLSKINDAPVTNDIKKAISNQVLKLAEPEVGDGREVKERLRKELCSVCSNVPACWAICGGLLELVKYQGS,2.75,0.264,82,0.439332694,-0.578396073,,,,,,
EVERELRNWLSELLSQINDAPVTNDIKKAISNQVLKLAEPEVGDGREVKERVRKQLCSVCSNVPACWAICGGLLEVVKYQGS,2.666666667,0.114942529,82,0.425968732,-0.939519252,,,,,,
EVERELRNWVSELLSKINDAPVTNDIKKAISNQVLKLAEPEVGDGREVKERVRKKLCSVCSNVPACWAICGGLLELVKYQGS,2.666666667,0.4375,82,0.425968732,-0.359021943,,,,,,
EVERELRNWLSEVLSKINDAPVTNDIKKAISNLVLKLAEPEVGDGREVKERVRKELCSVCSNVPACWAICGGLLELVKYQGS,2.666666667,0.4,82,0.425968732,-0.397940009,,,,,,
EVERELRNWVSELLSKINDAPVTNDIKKAISNQVLKLAEPEVGDGREVKERVRKQLCSVCSNVPACWAICGGVLELVKYQGS,2.636363636,0.620689655,82,0.421005313,-0.207125493,,,,,,
EVERELRNWLSELLSKINDAPVTNDIKKAISNQVLKVAEPEVGDGREVKERVRKKLCSVCSNVPACWAICGGLLELVKYQGS,2.5,0.333333333,82,0.397940009,-0.477121255,,,,,,
EVERELRNWLSELLSKINDAPVTNDIKKAISNQVLKVAEPEVGDGREVKERLRKKLCSVCSNVPACWAICGGLLELVKYQGS,2.5,0.5,82,0.397940009,-0.301029996,,,,,,
EVERELRNWVSELLSKVNDAPVTNDIKKAISNQVLKLAEPEVGDGREVKERVRKQVCSVCSNVPACWAICGGLLELVKYQGS,2.5,2,82,0.397940009,0.301029996,,,,,,
EVERELRNWLSELLSKINDAPVTNDIKKAISNLVLKVAEPEVGDGREVKERLRKKLCSVCSNVPACWAICGGLLELVKYQGS,2.5,0.333333333,82,0.397940009,-0.477121255,,,,,,
EVERELRNWLSELLSKINDAPVTNDIKKAISNQVLKLAEPEVGDGREVKERLRKQLCSVCSNVPACWAICGGVLEVVKYQGS,2.5,3.1875,82,0.397940009,0.503450193,,,,,,
EVERELRNWVSELLSKINDAPVTNDIKKAISNQVLKLAEPEVGDGREVKERVRKELCSVCSNVPACWAICGGLLELVKYQGS,2.4,0.576923077,82,0.380211242,-0.238882089,,,,,,
EVEREVRNWLSELLSKINDAPVTNDIKKAVSNLVLKLAEPEVGDGREVKERVRKQLCSVCSNVPACWAICGGLLELVKYQGS,2.333333333,0.066666667,82,0.367976785,-1.176091257,,,,,,
EVERELRNWLSELLSKINDAPVTNDIKKAISNQVLKLAEPEVGDGREVKERLRKEVCSVCSNVPACWAICGGLLEVVKYQGS,2.333333333,0.210526316,82,0.367976785,-0.676693609,,,,,,
EVERELRNWVSEVLSKINDAPVTNDIKKAISNQVLKLAEPEVGDGREVKERVRKQVCSVCSNVPACWAICGGLLELVKYQGS,2.333333333,1.75,82,0.367976785,0.243038049,,,,,,
EVERELRNWLSEVLSQINDAPVTNDIKKAISNQVLKLAEPEVGDGREVKERLRKEVCSVCSNVPACWAICGGLLELVKYQGS,2.2,0.214285714,82,0.342422681,-0.669006782,,,,,,
EVERELRNWLSEVLSKINDAPVTNDIKKAISNQVLKLAEPEVGDGREVKERVRKELCSVCSNVPACWAICGGLLEVVKYQGS,2.2,0.652173913,82,0.342422681,-0.185636577,,,,,,
EVERELRNWVSELLSKINDAPVTNDIKKAISNQVLKLAEPEVGDGREVKERLRKELCSVCSNVPACWAICGGVLEVVKYQGS,2,1,82,0.301029996,0,,,,,,
EVERELRNWLSELLSKVNDAPVTNDIKKAISNQVLKLAEPEVGDGREVKERLRKKLCSVCSNVPACWAICGGLLELVKYQGS,2,0.363636364,82,0.301029996,-0.439332693,,,,,,
EVERELRNWVSELLSKINDAPVTNDIKKAISNLVLKLAEPEVGDGREVKERLRKELCSVCSNVPACWAICGGLLELVKYQGS,2,0.2,82,0.301029996,-0.698970004,,,,,,
EVERELRNWLSELLSKINDAPVTNDIKKAISNQVLKLAEPEVGDGREVKERLRKQLCSVCSNVPACWAICGGVLELVKYQGS,2,0.463414634,82,0.301029996,-0.334030256,,,,,,
EVERELRNWLSEVLSKINDAPVTNDIKKAISNLVLKVAEPEVGDGREVKERLRKELCSVCSNVPACWAICGGVLELVKYQGS,2,1,82,0.301029996,0,,,,,,
EVERELRNWLSELLSKVNDAPVTNDIKKAISNQVLKVAEPEVGDGREVKERLRKELCSVCSNVPACWAICGGLLELVKYQGS,2,0.166666667,82,0.301029996,-0.77815125,,,,,,
EVERELRNWLSEVLSQINDAPVTNDIKKAISNQVLKLAEPEVGDGREVKERVRKEVCSVCSNVPACWAICGGLLELVKYQGS,2,0.125,82,0.301029996,-0.903089987,,,,,,
EVERELRNWLSEVLSKVNDAPVTNDIKKAISNQVLKLAEPEVGDGREVKERLRKKLCSVCSNVPACWAICGGLLELVKYQGS,2,0.5,82,0.301029996,-0.301029996,,,,,,
EVERELRNWLSELLSKINDAPVTNDIKKAVSNLVLKVAEPEVGDGREVKERLRKELCSVCSNVPACWAICGGVLELVKYQGS,2,0.5,82,0.301029996,-0.301029996,,,,,,
EVERELRNWLSELLSKINDAPVTNDIKKAISNQVLKLAEPEVGDGREVKERVRKKLCSVCSNVPACWAICGGLLEVVKYQGS,2,0.511627907,82,0.301029996,-0.291045775,,,,,,
EVERELRNWVSEVLSKINDAPVTNDIKKAVSNQVLKVAEPEVGDGREVKERLRKQLCSVCSNVPACWAICGGLLELVKYQGS,2,3,82,0.301029996,0.477121255,,,,,,
EVERELRNWLSELLSQINDAPVTNDIKKAISNQVLKLAEPEVGDGREVKERLRKQLCSVCSNVPACWAICGGLLEVVKYQGS,2,0.086956522,82,0.301029996,-1.060697839,,,,,,
EVERELRNWLSELLSKINDAPVTNDIKKAISNQVLKLAEPEVGDGREVKERVRKKLCSVCSNVPACWAICGGVLELVKYQGS,2,0.5,82,0.301029996,-0.301029996,,,,,,
EVERELRNWLSEVLSKINDAPVTNDIKKAISNLVLKLAEPEVGDGREVKERVRKQVCSVCSNVPACWAICGGLLEVVKYQGS,2,0.666666667,82,0.301029996,-0.176091259,,,,,,
EVERELRNWLSEVLSKVNDAPVTNDIKKAISNQVLKLAEPEVGDGREVKERVRKELCSVCSNVPACWAICGGLLELVKYQGS,2,0.75,82,0.301029996,-0.124938737,,,,,,
EVERELRNWLSELLSQINDAPVTNDIKKAISNQVLKLAEPEVGDGREVKERLRKKLCSVCSNVPACWAICGGLLELVKYQGS,2,0.19047619,82,0.301029996,-0.720159304,,,,,,
EVERELRNWLSELLSKINDAPVTNDIKKAISNLVLKLAEPEVGDGREVKERLRKQLCSVCSNVPACWAICGGVLELVKYQGS,2,0.03030303,82,0.301029996,-1.518513944,,,,,,
EVERELRNWLSEVLSKINDAPVTNDIKKAISNQVLKLAEPEVGDGREVKERVRKEVCSVCSNVPACWAICGGLLELVKYQGS,2,0.571428571,82,0.301029996,-0.243038049,,,,,,
EVERELRNWLSELLSKINDAPVTNDIKKAVSNQVLKLAEPEVGDGREVKERVRKQLCSVCSNVPACWAICGGVLELVKYQGS,2,0.081967213,82,0.301029996,-1.086359831,,,,,,
EVERELRNWLSEVLSKVNDAPVTNDIKKAISNQVLKVAELLREGKGPAEEFHERVRKQLCSVCSNVPACWAICGGLLELVKYQGS,2,8,85,0.301029996,0.903089987,,,,,,
EVERELRNWLSELLSKINDAPVTNDIKKAVSNLVLKLAEPEVGDGREVKERLRKQLCSVCSNVPACWAICGGVLELVKYQGS,2,0.133333333,82,0.301029996,-0.875061264,,,,,,
EVERELRNWLSEVLSKINDAPVTNDIKKAVSNQVLKLAEPEVGDGREVKERVRKKLCSVCSNVPACWAICGGVLELVKYQGS,2,0.294117647,82,0.301029996,-0.531478917,,,,,,
EVERELRNWVSELLSKINDAPVTNDIKKAISNQVLKVAEPEVGDGREVKERLRKKLCSVCSNVPACWAICGGVLELVKYQGS,2,1,82,0.301029996,0,,,,,,
EVERELRNWVSELLSKINDAPVTNDIKKAISNQVLKLAEPEVGDGREVKERLRKQLCSVCSNVPACWAICGGLLELVKYQGS,1.84,0.107142857,82,0.264817823,-0.970036777,,,,,,
EVERELRNWLSELLSKINDAPVTNDIKKAISNQVLKLAEPEVGDGREVKERLRKQLCSVCSNVPACWAICGGLLELVKYQGS,1.807692308,0.202531646,82,0.25712451,-0.693507108,,,,,,
EVERELRNWLSELLSKINDAPVTNDIKKAISNQVLKVAEPEVGDGREVKERLRKQLCSVCSNVPACWAICGGVLELVKYQGS,1.8,0.5,82,0.255272505,-0.301029996,,,,,,
EVERELRNWLSELLSKVNDAPVTNDIKKAISNQVLKLAEPEVGDGREVKERVRKQLCSVCSNVPACWAICGGLLELVKYQGS,1.75,0.375,82,0.243038049,-0.425968732,,,,,,
EVERELRNWVSELLSKINDAPVTNDIKKAISNQVLKLAEPEVGDGREVKERVRKQVCSVCSNVPACWAICGGVLELVKYQGS,1.666666667,0.933333333,82,0.22184875,-0.029963224,,,,,,
EVERELRNWLSELLSKINDAPVTNDIKKAISNQVLKVAEPEVGDGREVKERVRKQVCSVCSNVPACWAICGGLLELVKYQGS,1.6,1.357142857,82,0.204119983,0.132625565,,,,,,
EVERELRNWLSEVLSKINDAPVTNDIKKAISNQVLKLAEPEVGDGREVKERVRKKLCSVCSNVPACWAICGGLLELVKYQGS,1.571428571,0.191489362,82,0.196294645,-0.717855348,,,,,,
EVERELRNWLSELLSKINDAPVTNDIKKAVSNQVLKLAEPEVGDGREVKERLRKELCSVCSNVPACWAICGGLLELVKYQGS,1.571428571,0.108695652,82,0.196294645,-0.963787828,,,,,,
EVERELRNWLSEVLSKINDAPVTNDIKKAVSNLVLKLAEPEVGDGREVKERLRKQLCSVCSNVPACWAICGGVLELVKYQGS,1.5,0.8,82,0.176091259,-0.096910013,,,,,,
EVERELRNWLSELLSKINDAPVTNDIKKAVSNQVLKVAEPEVGDGREVKERLRKQLCSVCSNVPACWAICGGLLELVKYQGS,1.5,0.071428571,82,0.176091259,-1.146128038,,,,,,
EVERELRNWVSELLSKINDAPVTNDIKKAISNLVLKVAEPEVGDGREVKERLRKELCSVCSNVPACWAICGGVLELVKYQGS,1.5,0.125,82,0.176091259,-0.903089987,,,,,,
EVERELRNWVSELLSKINDAPVTNDIKKAISNQVLKLAEPEVGDGREVKERVRKKVCSVCSNVPACWAICGGLLELVKYQGS,1.5,0.125,82,0.176091259,-0.903089987,,,,,,
EVERELRNWLSEVLSKINDAPVTNDIKKAISNQVLKLAEPEVGDGREVKERLRKQVCSVCSNVPACWAICGGLLEVVKYQGS,1.5,0.875,82,0.176091259,-0.057991947,,,,,,
EVERELRNWVSELLSKINDAPVTNDIKKAVSNLVLKLAEPEVGDGREVKERLRKELCSVCSNVPACWAICGGLLELVKYQGS,1.5,0.25,82,0.176091259,-0.602059991,,,,,,
EVERELRNWLSELLSKINDAPVTNDIKKAVSNQVLKLAEPEVGDGREVKERLRKQLCSVCSNVPACWAICGGLLELVKYQGS,1.5,0.037735849,82,0.176091259,-1.423245875,,,,,,
EVERELRNWLSELLSKINDAPVTNDIKKAISNQVLKLAEPEVGDGREVKERVRKEVCSVCSNVPACWAICGGLLELVKYQGS,1.466666667,0.114285714,82,0.166331422,-0.942008054,,,,,,
EVERELRNWLSELLSQINDAPVTNDIKKAISNQVLKLAEPEVGDGREVKERLRKQLCSVCSNVPACWAICGGLLELVKYQGS,1.4,0.208333333,82,0.146128036,-0.681241238,,,,,,
EVERELRNWLSEVLSQINDAPVTNDIKKAISNQVLKLAEPEVGDGREVKERVRKELCSVCSNVPACWAICGGLLEVVKYQGS,1.333333333,1.25,82,0.124938736,0.096910013,,,,,,
EVERELRNWLSELLSKINDAPVTNDIKKAVSNLVLKLAEPEVGDGREVKERVRKKLCSVCSNVPACWAICGGLLELVKYQGS,1.333333333,0.105263158,82,0.124938736,-0.977723605,,,,,,
EVERELRNWVSELLSKINDAPVTNDIKKAISNLVLKLAEPEVGDGREVKERVRKQLCSVCSNVPACWAICGGVLELVKYQGS,1.333333333,0.066666667,82,0.124938736,-1.176091257,,,,,,
EVERELRNWLSELLSQINDAPVTNDIKKAVSNQVLKLAEPEVGDGREVKERVRKQLCSVCSNVPACWAICGGLLELVKYQGS,1.25,0.086956522,82,0.096910013,-1.060697839,,,,,,
EVERELRNWLSELLSKINDAPVTNDIKKAISNLVLKLAEPEVGDGREVKERVRKQLCSVCSNVPACWAICGGLLELVKYQGS,1.25,0.011363636,82,0.096910013,-1.944482686,,,,,,
EVEREVRNWLSELLSQINDAPVTNDIKKAISNQVLKLAELVWNGHSKEEVHERVRKELCSVCSNVPACWAICGGLLEVVKYQGS,1.214285714,5.166666667,84,0.084320886,0.713210443,,,,,,
EVERELRNWLSELLSKINDAPVTNDIKKAISNQVLKLAEPEVGDGREVKERVRKKLCSVCSNVPACWAICGGLLELVKYQGS,1.166666667,0.175675676,82,0.06694679,-0.755288367,,,,,,
EVERELRNWLSELLSKINDAPVTNDIKKAVSNQVLKLAEPEVGDGREVKERLRKQLCSVCSNVPACWAICGGLLEVVKYQGS,1.125,0.2,82,0.051152522,-0.698970004,,,,,,
EVERELRNWLSELLSKINDAPVTNDIKKAISNQVLKLAEPEVGDGREVKERLRKKLCSVCSNVPACWAICGGLLEVVKYQGS,1,0.428571429,82,0,-0.367976785,,,,,,
EVERELRNWLSELLSKINDAPVTNDIKKAISNLVLKLAEPEVGDGREVKERVRKQLCSVCSNVPACWAICGGVLEVVKYQGS,1,0.066666667,82,0,-1.176091257,,,,,,
EVERELRNWLSELLSKINDAPVTNDIKKAISNLVLKVAEPEVGDGREVKERVRKQLCSVCSNVPACWAICGGLLELVKYQGS,1,0.039215686,82,0,-1.406540183,,,,,,
EVERELRNWLSELLSKINDAPVTNDIKKAVSNLVLKLAEPEVGDGREVKERVRKKLCSVCSNVPACWAICGGVLELVKYQGS,1,0.1,82,0,-1,,,,,,
EVERELRNRLSELLSKINDAPVTNDIKKAISNQVLKLAEPEVGDGREVKERVRKELCSVCSNVPACWAICGGLLELVKYQGS,1,0.142857143,82,0,-0.84509804,,,,,,
EVERELRNWLSELLSKVNDAPVTNDIKKAISNQVLKLAEPEVGDGREVKERVRKEVCSVCSNVPACWAICGGLLELVKYQGS,1,0.444444444,82,0,-0.352182519,,,,,,
EVERELRNWLSELLSKINDAPVTNDIKKAISNLVLKLAEPEVGDGREVKERVRKQLCSVCSNVPACWAICGGVLELVKYQGS,1,0.025641026,82,0,-1.591064601,,,,,,
EVERELRNWLSELLSKINDAPVTNDIKKAISNQVLKVAEPEVGDGREVKERLRKQLCSVCSNVPACWAICGGLLEVVKYQGS,1,0.333333333,82,0,-0.477121255,,,,,,
EVERELRNWLSEVLSKINDAPVTNDIKKAVSNLVLKLAEPEVGDGREVKERLRKQVCSVCSNVPACWAICGGLLELVKYQGS,1,1,82,0,0,,,,,,
EVERELRNWLSEVLSKINDAPVTNDIKKAISNQVLKLAEPEVGDGREVKERVRKQVCSVCSNVPACWAICGGVLEVVKYQGS,1,1.4,82,0,0.146128036,,,,,,
EVERELRNWLSEVLSKINDAPVTNDIKKAVSNQVLKVAEPEVGDGREVKERVRKKLCSVCSNVPACWAICGGLLELVKYQGS,1,0.666666667,82,0,-0.176091259,,,,,,
EVERELRNWLSELLSKINDAPVTNDIKKAISNLVLKLAEPEVGDGREVKERVRKKLCSVCSNVPACWAICGGLLEVVKYQGS,1,0.25,82,0,-0.602059991,,,,,,
EVERELRNWLSELLSKVNDAPVTNDIKKAISNQVLKVAEPEVGDGREVKERLRKQLCSVCSNVPACWAICGGLLELVKYQGS,1,0.5,82,0,-0.301029996,,,,,,
EVERELRNWLSELLSKVNDAPVTNDIKKAISNQVLKLAEPEVGDGREVKERLRKELCSVCSNVPACWAICGGLLEVVKYQGS,1,1.428571429,82,0,0.15490196,,,,,,
EVERELRNWLSELLSKINDAPVTNDIKKAISNQVLKVAEQVRNGHSKEEVQERLRKELCSVCSNVPACWAICGGLLELVKYQGS,1,1.285714286,84,0,0.10914447,,,,,,
EVERELRNWVSELLSKINDAPVTNDIKKAVSNQVLKLAEPEVGDGREVKERLRKQVCSVCSNVPACWAICGGLLELVKYQGS,1,0.148148148,82,0,-0.829303773,,,,,,
EVERELRNWLSELLSKINDAPVTNDIKKAISNLVLKLAEPEVGDGREVKERVRKELCSVCSNVPACWAICGGVLELVKYQGS,1,0.028571429,82,0,-1.544068038,,,,,,
EVERELRNWLSEVLSKINDAPVTNDIKKAISNLVLKLAEPEVGDGREVKERLRKKLCSVCSNVPACWAICGGLLEVVKYQGS,1,0.111111111,82,0,-0.95424251,,,,,,
EVERELRNWLSELLSKVNDAPVTNDIKKAISNQVLKLAEPEVGDGREVKERLRKELCSVCSNVPACWAICGGLLELVKYQGS,1,0.482758621,82,0,-0.316269962,,,,,,
EVERELRNWVSELLSKINDAPVTNDIKKAVSNQVLKVAEPEVGDGREVKERVRKQVCSVCSNVPACWAICGGVLELVKYQGS,1,1.333333333,82,0,0.124938736,,,,,,
EVERELRNWLSELLSKINDAPVTNDIKKAVSNQVLKVAEPEVGDGREVKERVRKELCSVCSNVPACWAICGGLLELVKYQGS,1,0.083333333,82,0,-1.079181248,,,,,,
EVERELRNWLSELLSQINDAPVTNDIKKAISNQVLKLAEPEVGDGREVKERLRKQLCSVCSNVPACWAICGGVLELVKYQGS,1,0.173913043,82,0,-0.759667846,,,,,,
EVERELRNWVSELLSKINDAPVTNDIKKAVSNQVLKVAEPEVGDGREVKERLRKQVCSVCSNVPACWAICGGVLELVKYQGS,1,1,82,0,0,,,,,,
EVERELRNWLSELLSQINDAPVTNDIKKAISNQVLKLAEPEVGDGREVKERLRKQVCSVCSNVPACWAICGGLLELVKYQGS,1,0.470588235,82,0,-0.327358935,,,,,,
EVERELRNWLSELLSQINDAPVTNDIKKAISNLVLKLAEPEVGDGREVKERVRKELCSVCSNVPACWAICGGLLELVKYQGS,1,0.0625,82,0,-1.204119983,,,,,,
EVERELRNWLSELLSKINDAPVTNDIKKAISNQVLKLAEQVRNGHSKEEVQERVRKQLCSVCSNVPACWAICGGLLELVKYQGS,1,0.333333333,84,0,-0.477121255,,,,,,
EVERELRNWVSELLSKINDAPVTNDIKKAISNQVLKVAEPEVGDGREVKERVRKELCSVCSNVPACWAICGGVLELVKYQGS,1,0.307692308,82,0,-0.511883361,,,,,,
EVERELRNWLSEVLSKINDAPVTNDIKKAVSNQVLKLAEPEVGDGREVKERLRKQVCSVCSNVPACWAICGGLLELVKYQGS,1,0.058823529,82,0,-1.230448924,,,,,,
EVERELRNWLSELLSKVNDAPVTNDIKKAISNQVLKLAEPEVGDGREVKERVRKQLCSVCSNVPACWAICGGLLEVVKYQGS,1,0.5,82,0,-0.301029996,,,,,,
EVERELRNWLSEVLSKINDAPVTNDIKKAVSNQVLKVAEPEVGDGREVKERLRKQVCSVCSNVPACWAICGGLLELVKYQGS,1,0.02247191,82,0,-1.648360013,,,,,,
EVERELRNWLSELLSKINDAPVTNDIKKAVSNLVLKVAEPEVGDGREVKERVRKQLCSVCSNVPACWAICGGVLELVKYQGS,1,0.4,82,0,-0.397940009,,,,,,
EVERELRNWLSELLSKINDAPVTNDIKKAISNQVLKVAEPEVGDGREVKERVRKQLCSVCSNVPACWAICGGLLELVKYQGS,0.866666667,0.121212121,82,-0.062147907,-0.916453949,,,,,,
EVERELRNWLSELLSKINDAPVTNDIKKAISNLVLKLAEPEVGDGREVKERLRKQLCSVCSNVPACWAICGGLLEVVKYQGS,0.833333333,0.133333333,82,-0.079181246,-0.875061264,,,,,,
EVERELRNWLSELLSQINDAPVTNDIKKAISNQVLKLAEPEVGDGREVKERVRKQVCSVCSNVPACWAICGGLLELVKYQGS,0.8,0.578947368,82,-0.096910013,-0.237360916,,,,,,
EVERELRNWVSELLSKINDAPVTNDIKKAISNQVLKLAEPEVGDGREVKERVRKELCSVCSNVPACWAICGGLLEVVKYQGS,0.75,0.875,82,-0.124938737,-0.057991947,,,,,,
EVERELRNWVSELLSKINDAPVTNDIKKAISNQVLKLAEPEVGDGREVKERLRKQVCSVCSNVPACWAICGGVLELVKYQGS,0.75,0.785714286,82,-0.124938737,-0.10473535,,,,,,
EVERELRNWLSELLSKVNDAPVTNDIKKAISNLVLKLAEPEVGDGREVKERVRKELCSVCSNVPACWAICGGLLEVVKYQGS,0.714285714,0.333333333,82,-0.146128036,-0.477121255,,,,,,
EVERELRNWLSELLSKINDAPVTNDIKKAISNQVLKLAEPEVGDGREVKERLRKKLCSVCSNVPACWAICGGVLELVKYQGS,0.692307692,0.441176471,82,-0.159700843,-0.355387658,,,,,,
EVERELRNWLSELLSQINDAPVTNDIKKAISNQVLKLAEPEVGDGREVKERVRKELCSVCSNVPACWAICGGLLELVKYQGS,0.666666667,1.75,82,-0.176091259,0.243038049,,,,,,
EVERELRNWLSELLSKINDAPVTNDIKKAISNQVLKVAEPEVGDGREVKERLRKQVCSVCSNVPACWAICGGLLELVKYQGS,0.666666667,0.428571429,82,-0.176091259,-0.367976785,,,,,,
EVERELRNWVSELLSKINDAPVTNDIKKAISNQVLKLAEPEVGDGREVKERLRKELCSVCSNVPACWAICGGLLELVKYQGS,0.625,3.80952381,82,-0.204119983,0.580870692,,,,,,
EVERELRNWLSELLSKINDAPVTNDIKKAISNQVLKLAEPEVGDGREVKERVRKELCSVCSNVPACWAICGGVLELVKYQGS,0.538461538,0.268292683,82,-0.268845313,-0.571391171,,,,,,
EVERELRNWLSELLSKINDAPVTNDIKKAISNQVLKLAEPEVGDGREVKERVRKQVCSVCSNVPACWAICGGLLELVKYQGS,0.536585366,0.380952381,82,-0.270361176,-0.419129308,,,,,,
EVERELRNWVSELLSKINDAPVTNDIKKAISNLVLKLAEPEVGDGREVKERVRKKLCSVCSNVPACWAICGGLLELVKYQGS,0.5,0.1,82,-0.301029996,-1,,,,,,
EVERELRNWLSELLSQINDAPVTNDIKKAVSNQVLKLAEPEVGDGREVKERVRKQLCSVCSNVPACWAICGGVLELVKYQGS,0.5,0.04,82,-0.301029996,-1.397940009,,,,,,
EVERELRNWLSELLSKINDAPVTNDIKKAISNLVLKVAEPEVGDGREVKERVRKKVCSVCSNVPACWAICGGLLELVKYQGS,0.5,0.333333333,82,-0.301029996,-0.477121255,,,,,,
EVERELRNWVSELLSKINDAPVTNDIKKAISNLVLKVAEPEVGDGREVKERVRKQVCSVCSNVPACWAICGGVLELVKYQGS,0.5,0.285714286,82,-0.301029996,-0.544068044,,,,,,
EVERELRNWLSELLSKINDAPVTNDIKKAISNQVLKVAEPEVGDGREVKERVRKELCSVCSNVPACWAICGGVLELVKYQGS,0.5,0.625,82,-0.301029996,-0.204119983,,,,,,
EVERELRNWLSELLSKINDAPVTNDIKKAVSNQVLKLAEPEVGDGREVKERVRKELCSVCSNVPACWAICGGLLEVVKYQGS,0.5,0.038461538,82,-0.301029996,-1.414973353,,,,,,
EVERELRNWVSELLSKINDAPVTNDIKKAVSNQVLKVAEPEVGDGREVKERLRKQLCSVCSNVPACWAICGGLLEVVKYQGS,0.5,1.666666667,82,-0.301029996,0.22184875,,,,,,
EVERELRNWVSELLSKINDAPVTNDIKKAVSNQVLKLAEPEVGDGREVKERVRKELCSVCSNVPACWAICGGLLELVKYQGS,0.5,0.172413793,82,-0.301029996,-0.763427994,,,,,,
EVERELRNWLSELLSKINDAPVTNDIKKAISNLVLKVAEPEVGDGREVKERLRKQLCSVCSNVPACWAICGGVLELVKYQGS,0.5,0.272727273,82,-0.301029996,-0.56427143,,,,,,
EVERELRNWVSELLSQINDAPVTNDIKKAISNQVLKLAEPEVGDGREVKERVRKELCSVCSNVPACWAICGGLLEVVKYQGS,0.5,1,82,-0.301029996,0,,,,,,
EVERELRNWVSELLSKINDAPVTNDIKKAVSNLVLKLAEPEVGDGREVKERLRKQVCSVCSNVPACWAICGGLLELVKYQGS,0.5,1,82,-0.301029996,0,,,,,,
EVERELRNWVSELLSQINDAPVTNDIKKAISNQVLKLAEPEVGDGREVKERVRKQLCSVCSNVPACWAICGGVLELVKYQGS,0.5,0.416666667,82,-0.301029996,-0.380211241,,,,,,
EVERELRNWLSELLSKINDAPVTNDIKKAISNQVLKLAEPEVGDGREVKERLRKQVCSVCSNVPACWAICGGVLELVKYQGS,0.428571429,0.275862069,82,-0.367976785,-0.559308011,,,,,,
EVERELRNWLSELLSKINDAPVTNDIKKAVSNQVLKLAEPEVGDGREVKERLRKKLCSVCSNVPACWAICGGLLELVKYQGS,0.428571429,0.176470588,82,-0.367976785,-0.753327667,,,,,,
EVERELRNWLSEVLSQINDAPVTNDIKKAISNQVLKLAEPEVGDGREVKERVRKKLCSVCSNVPACWAICGGLLELVKYQGS,0.4,2.235294118,82,-0.397940009,0.349334675,,,,,,
EVEREVRNWLSELLSKINDAPVTNDIKKAISNQVLKLAEPEVGDGREVKERLRKKVCSVCSNVPACWAICGGLLELVKYQGS,0.4,0.25,82,-0.397940009,-0.602059991,,,,,,
EVERELRNWLSELLSKINDAPVTNDIKKAISNLVLKVAEPEVGDGREVKERLRKELCSVCSNVPACWAICGGLLEVVKYQGS,0.375,0.181818182,82,-0.425968732,-0.740362689,,,,,,
EVERELRNWLSELLSKINDAPVTNDIKKAISNLVLKLAEPEVGDGREVKERLRKQVCSVCSNVPACWAICGGLLELVKYQGS,0.375,0.05,82,-0.425968732,-1.301029996,,,,,,
EVERELRNWLSELLSKINDAPVTNDIKKAISNQVLKLAEPEVGDGREVKERLRKQVCSVCSNVPACWAICGGLLELVKYQGS,0.352941176,0.106796117,82,-0.452297672,-0.971444538,,,,,,
EVERELRNWLSELLSQVNDAPVTNDIKKAISNQVLKLAEPEVGDGREVKERVRKELCSVCSNVPACWAICGGLLELVKYQGS,0.333333333,2,82,-0.477121255,0.301029996,,,,,,
EVERELRNWLSELLSKINDAPVTNDIKKAISNQVLKLAEPEVGDGREVKERLRKKVCSVCSNVPACWAICGGVLELVKYQGS,0.333333333,0.074074074,82,-0.477121255,-1.130333769,,,,,,
EVERELRNWVSEVLSKINDAPVTNDIKKAISNQVLKLAEPEVGDGREVKERVRKELCSVCSNVPACWAICGGLLEVVKYQGS,0.333333333,2,82,-0.477121255,0.301029996,,,,,,
EVERELRNWLSELLSKINDAPVTNDIKKAISNQVLKLAEPEVGDGREVKERLRKQVCSVCSNVPACWAICGGLLEVVKYQGS,0.333333333,0.26,82,-0.477121255,-0.585026652,,,,,,
EVERELRNWVSELLSKINDAPVTNDIKKAVSNQVLKLAEPEVGDGREVKERLRKQLCSVCSNVPACWAICGGVLELVKYQGS,0.333333333,0.085106383,82,-0.477121255,-1.070037866,,,,,,
EVERELRNWLSELLSKINDAPVTNDIKKAVSNQVLKLAEPEVGDGREVKERVRKEVCSVCSNVPACWAICGGLLELVKYQGS,0.333333333,0.166666667,82,-0.477121255,-0.77815125,,,,,,
EVEREVRNWLSEVLSKVNDAPVTNDIKKAISNQVLKLAEQVWNGHSKEEVQERVRKELCSVCSNVPACWAICGGLLELVKYQGS,0.285714286,10.21052632,84,-0.544068044,1.009048129,,,,,,
EVERELRNWLSELLSKVNDAPVTNDIKKAISNLVLKLAEPEVGDGREVKERVRKQLCSVCSNVPACWAICGGLLEVVKYQGS,0.25,0.125,82,-0.602059991,-0.903089987,,,,,,
EVERELRNWLSELLSKVNDAPVTNDIKKAISNLVLKLAEPEVGDGREVKERLRKKLCSVCSNVPACWAICGGLLELVKYQGS,0.25,0.222222222,82,-0.602059991,-0.653212514,,,,,,
EVERELRNWVSELLSQINDAPVTNDIKKAISNQVLKLAEPEVGDGREVKERVRKELCSVCSNVPACWAICGGLLELVKYQGS,0.25,0.142857143,82,-0.602059991,-0.84509804,,,,,,
EVERELRNWLSELLSKVNDAPVTNDIKKAISNQVLKLAEPEVGDGREVKERLRKQLCSVCSNVPACWAICGGLLELVKYQGS,0.25,0.434782609,82,-0.602059991,-0.361727836,,,,,,
EVERELRNWVSELLSKINDAPVTNDIKKAISNLVLKLAEPEVGDGREVKERVRKELCSVCSNVPACWAICGGLLEVVKYQGS,0.25,0.25,82,-0.602059991,-0.602059991,,,,,,
EVERELRNWLSELLSKINDAPVTNDIKKAVSNQVLKLAEPEVGDGREVKERLRKQLCSVCSNVPACWAICGGVLELVKYQGS,0.25,0.266666667,82,-0.602059991,-0.574031267,,,,,,
EVERELRNWLSELLSKINDAPVTNDIKKAISNQVLKLAEPEVGDGREVKERVRKKVCSVCSNVPACWAICGGLLELVKYQGS,0.25,0.296296296,82,-0.602059991,-0.528273778,,,,,,
EVERELRNWLSELLSQINDAPVTNDIKKAISNQVLKLAEPEVGDGREVKERVRKKVCSVCSNVPACWAICGGLLELVKYQGS,0.25,0.555555556,82,-0.602059991,-0.255272505,,,,,,
EVERELRNWLSELLSKINDAPVTNDIKKAISNQVLKLAEPEVGDGREVKERVRKEVCSVCSNVPACWAICGGVLELVKYQGS,0.208333333,0.310344828,82,-0.681241238,-0.508155488,,,,,,
EVERELRNWLSELLSKINDAPVTNDIKKAISNLVLKLAEPEVGDGREVKERVRKELCSVCSNVPACWAICGGLLELVKYQGS,0.2,0.032608696,82,-0.698970004,-1.486666568,,,,,,
EVERELRNWLSELLSKINDAPVTNDIKKAISNQVLKLAEPEVGDGREVKERVRKELCSVCSNVPACWAICGGVLEVVKYQGS,0.2,0.523809524,82,-0.698970004,-0.280826609,,,,,,
EVERELRNWLSELLSKINDAPVTNDIKKAVSNQVLKLAEPEVGDGREVKERLRKQVCSVCSNVPACWAICGGLLELVKYQGS,0.181818182,0.083333333,82,-0.740362689,-1.079181248,,,,,,
EVERELRNWVSELLSKINDAPVTNDIKKAISNQVLKLAEPEVGDGREVKERLRKQVCSVCSNVPACWAICGGLLEVVKYQGS,0.181818182,1,82,-0.740362689,0,,,,,,
EVERELRNWLSELLSKINDAPVTNDIKKAISNQVLKLAEPEVGDGREVKERVRKELCSVCSNVPACWAICGGLLELVKYQGS,0.166666667,0.356164384,82,-0.77815125,-0.448349512,,,,,,
EVERELRNWLSELLSQINDAPVTNDIKKAISNQVLKLAEPEVGDGREVKERVRKELCSVCSNVPACWAICGGLLEVVKYQGS,0.166666667,1.647058824,82,-0.77815125,0.21670911,,,,,,
EVERELRNWLSELLSKINDAPVTNDIKKAISNQVLKLAEPEVGDGREVKERLRKKVCSVCSNVPACWAICGGLLELVKYQGS,0.130434783,0.095238095,82,-0.88460658,-1.0211893,,,,,,
EVERELRNWLSELLSKINDAPVTNDIKKAISNLVLKLAEPEVGDGREVKERLRKELCSVCSNVPACWAICGGLLELVKYQGS,0.125,0.033898305,82,-0.903089987,-1.469822017,,,,,,
EVERELRNWLSELLSQINDAPVTNDIKKAISNQVLKLAEPEVGDGREVKERVRKKLCSVCSNVPACWAICGGLLELVKYQGS,0.125,0.275862069,82,-0.903089987,-0.559308011,,,,,,
EVERELRNWLSELLSKINDAPVTNDIKKAISNQVLKLAEPEVGDGREVKERVRKQVCSVCSNVPACWAICGGVLELVKYQGS,0.111111111,0.579710145,82,-0.95424251,-0.236789099,,,,,,
EVERELRNWLSELLSKVNDAPVTNDIKKAISNQVLKLAEPEVGDGREVKERVRKELCSVCSNVPACWAICGGLLELVKYQGS,0.090909091,0.347826087,82,-1.041392685,-0.458637849,,,,,,
EVERELRNWLSELLSQINDAPVTNDIKKAISNQVLKLAEPEVGDGREVKERVRKELCSVCSNVPACWAICGGVLELVKYQGS,0.090909091,13.2,82,-1.041392685,1.120573931,,,,,,
EVERELRNWLSELLSKINDAPVTNDIKKAISNLVLKVAEPEVGDGREVKERLRKELCSVCSNVPACWAICGGLLELVKYQGS,0.090909091,0.214285714,82,-1.041392685,-0.669006782,,,,,,
EVERELRNWLSELLSKINDAPVTNDIKKAISNQVLKLAEPEVGDGREVKERVRKELCSVCSNVPACWAICGGLLEVVKYQGS,0.034615385,0.223684211,82,-1.460730834,-0.65036467,,,,,,
EVERELRNWLSEVLSQINDAPVTNDIKKAISNQVLKLAEPEVGDGREVKERVRKKLCSVCSNVPACWAICGGLLEVVKYQGS,0.025641026,12.66666667,82,-1.591064601,1.102662342,,,,,,
